title,country
Click,United States
Solo,Spain
6-5=2,India
Chicken Little,United States
Tu Hai Mera Sunday,India
Baby,Italy
Avengers: Infinity War,United States
Signal,South Korea
He Named Me Malala,"United States, United Arab Emirates"
Well Done Abba,India
Anwar,India
The Jungle Book,"India, Germany, France"
Life 2.0,United States
Drive,India
Blind Date,France
Happy New Year,India
Siddhant,India
Jhankaar Beats,India
Bad Education,United Kingdom
Bobby Jasoos,India
2 States,India
G-Force,United States
Bal Ganesh,NULL
Patiala House,India
Sarkar,NULL
Stree,India
Cheers,United States
Monster,United States
Ugly Aur Pagli,India
Zubaan,India
The Waterboy,United States
Bodyguard,India
The Visit,NULL
Shabd,India
Jaal,India
The Pixar Story,United States
Moonlight,United States
Black,India
Mersal,India
A Billion Colour Story,India
Refugee,NULL
Love,India
Anjaan,India
The Dirty Picture,India
Veerey Ki Wedding,India
Thor: Ragnarok,United States
The Little Mermaid,United States
Hero,"Hong Kong, China"
Game,India
Mary Poppins Returns,"United States, United Kingdom"
Guru,India
Pizza,India
Happy Anniversary,United States
Haraamkhor,India
Bal Ganesh,NULL
The Legend of Michael Mishra,India
Guru,India
Highway,India
Kyo Kii... Main Jhuth Nahin Bolta,India
Break Ke Baad,India
Alibaba Aur 40 Chor,"Soviet Union, India"
Aiyaary,India
The Gift,Turkey
Sanju,India
Shiva,India
Anarkali of Aarah,India
Pandigai,India
Tiger,India
Hello Brother,India
Air Force One,"United States, Germany"
Anwar,India
The Car,United States
Runaway Bride,United States
Baadshaho,India
C Kkompany,India
Detour,"United Kingdom, South Africa"
Soundtrack,United States
The Jungle Book,"India, Germany, France"
Mirzya,India
Rocky,United States
Cousins,New Zealand
Jackpot,Vietnam
Running Shaadi,India
Tarzan,United States
New Girl,United States
Bhavesh Joshi Superhero,India
Aisa Yeh Jahaan,India
Prem Ratan Dhan Payo,India
Duplicate,India
Muppets Most Wanted,United States
Rangoon,India
A Year In Space,United States
Gurgaon,India
Fukrey,India
After Life,United Kingdom
Marvel's Iron Man & Hulk: Heroes United,United States
John Carter,United States
Hazaaron Khwaishein Aisi,"India, France"
Guru,India
White Fang,"France, Luxembourg, United States"
Highway,India
The Muppets,United States
Ludo,India
Apaharan,India
Krishna Cottage,India
The Box,United States
Clickbait,NULL
Signs,Poland
Black,India
Villain,United Kingdom
Jaguar,NULL
Ahista Ahista,India
God's Own Country,United Kingdom
Koi Aap Sa,India
Black Panther,United States
Pyaar Tune Kya Kiya,India
Ladies First,India
The Ring,United States
One,India
Drishyam,India
Metro,India
Ugly,India
Pablo,United Kingdom
Dear Dad,India
Burning,"South Korea, Japan"
Monster,United States
The Prince,"United States, United Kingdom"
Mom,India
Marvel Super Hero Adventures: Frost Fight!,United States
Shorgul,India
Ferrari Ki Sawaari,India
Spider-Man 3,United States
Prey,NULL
Saving Mr. Banks,"United States, United Kingdom, Australia"
Dum,India
Christopher Robin,United States
Chal Mere Bhai,India
Canvas,United States
Dil Se,India
Sarkar,NULL
Satrangi Re,India
Bedtime Stories,United States
National Treasure,United States
Aftermath,United States
Fatso,India
Khosla Ka Ghosla,India
Ek Khiladi Ek Haseena,India
Run,India
Don,India
Tukaram,India
Waiting,India
Guru,India
Jackpot,Vietnam
Pink,India
Cadaver,Norway
Hawaizaada,India
Bhool Bhulaiyaa,India
Drishyam,India
Veerappan,India
Guru,India
Hero,"Hong Kong, China"
Laal Rang,India
Hero,"Hong Kong, China"
Mumbai Matinee,India
Una,"United Kingdom, Canada, United States"
War Chhod Na Yaar,India
Chameli,India
Karzzzz,India
Bolt,United States
Solo: A Star Wars Story,United States
The Perfect Match,NULL
Mohenjo Daro,India
Ready,India
Duniya,India
Pyaar Ke Side Effects,India
Cuckoo,United Kingdom
Run,India
Prince,India
Mantostaan,India
Judwaa 2,India
Marvel's Hulk: Where Monsters Dwell,United States
Bollywood Calling,India
Moh Maya Money,India
Click,United States
Joker,India
Rocky,United States
Maska,India
Inspector Gadget,"Canada, United States, France"
Kaabil,India
Black Friday,India
Prague,"India, Switzerland"
Silent,United States
Good Luck,Egypt
Humko Deewana Kar Gaye,India
Marvel's The Punisher,United States
Euphoria,Italy
Mahabharat,India
Marvel's Luke Cage,United States
Pose,United States
Lakshya,India
Hostages,NULL
Becoming,United States
Ek Hasina Thi,India
Grey's Anatomy,United States
Taare Zameen Par,India
The Time Traveler's Wife,United States
Mahabharat,India
Love,India
Goldie & Bear,United States
One Strange Rock,United States
Bunk'd,United States
Marvel's Daredevil,United States
The Package,United States
Brain Games,United States
Barry,United States
Homeland,NULL
Back to School,NULL
Marvel's Jessica Jones,United States
Yuva,India
Traitor,United States
Gumrah,India
Marvel's The Defenders,United States
Marvel's Iron Fist,United States
The Bad Batch,United States
Tiger,India
New Girl,United States
Big Mouth,United States
Masoom,India
Khushi,India
The Rehearsal,New Zealand
Arrested Development,United States
Khushi,India
The Hunt,United Kingdom
Marvel's Agents of S.H.I.E.L.D.,United States
Om Shanti Om,India
Target,Indonesia
Warrior,Denmark
The Outsider,United States
Crashing,United Kingdom
The Little Mermaid,United States
Run,India
Gumrah,India
American Horror Story,United States
